regime,N,C,C_over_N,mean_SA,sd_SA_pooled,sd_SA_within,mean_LA,mean_MA,cross_sd
uniform,4,1,0.2500,33.6906,22.4019,6.0473,40.5473,39.1454,5.1396
uniform,4,2,0.5000,53.2723,27.5166,5.3233,51.1475,50.7095,6.1311
uniform,4,3,0.7500,60.4921,29.4085,3.5014,59.3802,60.1519,3.1246
uniform,5,1,0.2000,28.5510,17.2795,6.6154,34.9365,33.1410,5.1395
uniform,5,2,0.4000,50.7903,22.6531,6.3800,53.5693,52.1937,8.4186
uniform,5,3,0.6000,59.7890,25.2062,6.5377,57.2344,57.4107,6.5173
uniform,5,4,0.8000,61.5839,25.8860,4.9738,60.4925,62.3946,4.1560
uniform,6,1,0.1667,25.4612,14.7400,5.7842,31.7564,30.1784,4.8074
uniform,6,2,0.3333,44.1919,21.2451,7.2454,48.3389,45.8267,9.5315
uniform,6,3,0.5000,55.4012,23.5530,7.4500,54.3613,54.5583,8.6447
uniform,6,4,0.6667,62.9636,24.7512,5.4288,59.0262,60.1232,7.1679
uniform,6,5,0.8333,65.3953,24.9032,5.1418,63.8288,66.4831,5.2473
uniform,7,1,0.1429,24.1593,12.8590,5.6592,29.9181,27.8954,4.9381
uniform,7,2,0.2857,40.9712,16.5900,7.3660,48.0131,43.8586,10.3794
uniform,7,3,0.4286,52.0290,21.4290,7.2043,52.4786,51.6328,9.4642
uniform,7,4,0.5714,60.1881,21.4723,7.1011,57.6865,57.6741,8.2878
uniform,7,5,0.7143,62.9680,22.6810,7.4702,59.0761,60.9671,8.1971
uniform,7,6,0.8571,64.4872,22.8205,7.0818,62.9098,66.5403,7.0078
uniform,8,1,0.1250,21.9287,10.2719,5.5460,28.1118,25.5329,4.6727
uniform,8,2,0.2500,38.8241,15.2373,8.0890,46.5357,41.1502,10.6409
uniform,8,3,0.3750,50.2592,18.3134,8.7500,51.6217,51.3295,10.8786
uniform,8,4,0.5000,58.9841,21.4354,8.6482,55.1207,56.7549,9.9445
uniform,8,5,0.6250,63.7747,20.8510,8.1198,60.5311,61.4946,9.0370
uniform,8,6,0.7500,66.0419,21.3472,7.0564,64.0120,64.8019,7.7215
uniform,8,7,0.8750,63.6692,23.3956,7.2512,63.1700,66.8186,7.2081
uniform,9,1,0.1111,21.0609,9.8357,5.3259,27.4219,24.6311,4.8627
uniform,9,2,0.2222,36.2032,13.6019,7.0524,43.4147,38.8144,9.9040
uniform,9,3,0.3333,48.2299,17.0574,8.4451,51.3653,49.6195,11.2595
uniform,9,4,0.4444,56.3763,19.5654,8.9643,54.0759,54.5402,10.9390
uniform,9,5,0.5556,61.9604,20.8215,9.6662,57.5271,59.0030,10.3441
uniform,9,6,0.6667,64.9064,21.2112,7.9468,61.8067,63.2056,9.6610
uniform,9,7,0.7778,66.2620,22.3578,8.3996,63.1994,66.1514,9.1152
uniform,9,8,0.8889,68.2597,21.6780,9.0294,66.5518,70.9606,7.9883
uniform,10,1,0.1000,20.1307,8.4972,5.0603,25.9273,23.3261,4.5401
uniform,10,2,0.2000,33.0780,11.7087,6.7460,40.8731,35.3601,9.4528
uniform,10,3,0.3000,44.6335,15.6734,7.8716,50.1754,47.1998,11.6001
uniform,10,4,0.4000,54.8240,18.1199,9.1717,54.0937,53.7674,10.9455
uniform,10,5,0.5000,61.6276,20.2678,10.5453,58.7956,59.5354,11.0927
uniform,10,6,0.6000,65.0508,20.6354,9.1935,62.3684,63.3158,10.5252
uniform,10,7,0.7000,67.5938,20.0155,9.0291,64.7249,66.1671,10.0314
uniform,10,8,0.8000,69.2469,20.9147,9.4378,65.9065,69.4849,9.6334
uniform,10,9,0.9000,68.1107,21.9476,9.1895,66.7976,71.6673,9.3951
uniform,11,1,0.0909,19.2089,8.2301,4.9233,24.7282,21.8506,4.2471
uniform,11,2,0.1818,32.0958,11.4085,6.5365,39.6319,34.3231,9.2079
uniform,11,3,0.2727,42.9843,14.0580,8.1454,48.0778,44.0576,10.9885
uniform,11,4,0.3636,52.4590,16.1778,9.8319,54.1953,52.7755,11.9912
uniform,11,5,0.4545,59.0450,18.9242,10.6121,56.5277,56.8497,12.2258
uniform,11,6,0.5455,65.3894,19.3098,9.3309,62.5364,62.6311,11.0506
uniform,11,7,0.6364,64.3725,19.5397,8.8905,60.2133,62.2637,10.4869
uniform,11,8,0.7273,67.5711,21.1244,9.7717,64.3851,67.3032,10.0620
uniform,11,9,0.8182,69.2384,20.3583,8.5602,67.5301,70.8112,9.5133
uniform,11,10,0.9091,68.9707,22.0064,9.7355,66.9053,72.4107,9.9535
uniform,12,1,0.0833,17.2237,7.2504,4.4208,22.0436,19.8530,3.8429
uniform,12,2,0.1667,30.6024,10.4510,6.5124,38.8274,33.0220,9.3663
uniform,12,3,0.2500,41.8543,13.1412,7.6364,47.8046,43.5490,10.9818
uniform,12,4,0.3333,49.3424,14.6764,8.3323,52.5669,49.4409,11.7333
uniform,12,5,0.4167,56.3822,18.3344,10.7818,55.1086,55.4825,12.3596
uniform,12,6,0.5000,63.5064,18.3803,10.4355,60.1425,61.5409,12.2600
uniform,12,7,0.5833,65.6500,20.3298,9.9625,60.7726,61.6890,11.3802
uniform,12,8,0.6667,67.4572,19.6791,10.2780,64.3379,65.6432,11.1202
uniform,12,9,0.7500,70.4699,20.2379,9.1294,67.4776,68.7058,9.9771
uniform,12,10,0.8333,70.1574,20.1857,9.9949,67.9081,71.3696,9.8722
uniform,12,11,0.9167,69.3869,20.5501,8.8888,68.3613,74.1968,9.6506
uniform,13,1,0.0769,17.4807,6.9303,4.3189,22.1696,19.8044,3.7524
uniform,13,2,0.1538,30.3966,10.0793,6.5832,36.7895,32.1357,8.0519
uniform,13,3,0.2308,38.9776,12.6105,7.5540,45.3761,40.3146,10.6961
uniform,13,4,0.3077,47.6645,13.9474,8.4672,52.2849,48.5611,11.6624
uniform,13,5,0.3846,54.4533,15.8959,9.2047,55.9932,54.7390,12.3103
uniform,13,6,0.4615,60.2643,18.1518,10.9673,59.5355,59.1807,12.6436
uniform,13,7,0.5385,64.4126,18.4045,10.5466,61.6378,61.8255,11.7332
uniform,13,8,0.6154,67.1208,19.0479,10.7368,63.8568,64.8371,11.5556
uniform,13,9,0.6923,68.9153,18.8282,10.0611,64.5345,67.0353,11.5199
uniform,13,10,0.7692,68.3749,20.1942,11.0666,65.9896,69.3236,11.3054
uniform,13,11,0.8462,70.6429,20.0466,10.2617,68.1128,72.0103,10.8118
uniform,13,12,0.9231,70.1495,20.4115,9.6538,69.2256,74.7217,10.8756
uniform,14,1,0.0714,16.7386,6.3864,4.0911,21.6092,19.0250,3.7492
uniform,14,2,0.1429,28.2394,8.5365,5.8460,36.1052,30.7174,8.1208
uniform,14,3,0.2143,37.5244,11.0004,7.5898,45.1829,39.9799,10.6394
uniform,14,4,0.2857,45.4228,13.4316,8.5444,48.8584,45.9000,11.2223
uniform,14,5,0.3571,52.6172,16.3731,10.3294,53.7105,52.9649,12.3053
uniform,14,6,0.4286,58.9600,17.9664,10.8898,59.0795,59.6271,13.1772
uniform,14,7,0.5000,64.4118,18.5618,10.6187,62.2864,62.8854,12.0996
uniform,14,8,0.5714,66.6399,18.9128,10.6164,62.9119,64.1584,12.0701
uniform,14,9,0.6429,68.1370,18.1238,10.0878,64.6816,65.6139,11.9240
uniform,14,10,0.7143,69.3706,19.1652,10.8695,66.6038,69.4063,10.9520
uniform,14,11,0.7857,70.0789,19.5909,10.8169,67.1328,70.8984,10.7295
uniform,14,12,0.8571,71.5846,19.4876,10.2244,69.4660,74.0550,11.0525
uniform,14,13,0.9286,70.1333,19.6403,10.3357,70.4261,75.5855,10.2737
uniform,15,1,0.0667,16.0414,5.9810,4.0028,20.8163,18.4995,3.6831
uniform,15,2,0.1333,27.0983,8.2733,5.5595,34.7161,29.0322,7.5960
uniform,15,3,0.2000,37.2831,11.0453,7.2771,45.0652,38.6805,10.5615
uniform,15,4,0.2667,43.3671,12.4762,8.0786,47.3099,44.1512,10.8444
uniform,15,5,0.3333,50.9031,14.4810,9.5873,52.8346,52.0490,11.7632
uniform,15,6,0.4000,55.4670,15.9014,10.3493,55.8413,55.4181,12.5742
uniform,15,7,0.4667,61.6826,17.8449,10.7139,60.8336,61.1743,13.2077
uniform,15,8,0.5333,63.7946,18.3147,10.6342,61.5435,61.6531,12.1136
uniform,15,9,0.6000,68.1216,19.0799,11.4017,65.5196,66.1744,11.8011
uniform,15,10,0.6667,68.5713,18.6198,10.7165,66.1469,67.2371,11.6400
uniform,15,11,0.7333,69.4335,19.8025,10.6338,67.0850,69.0847,11.4113
uniform,15,12,0.8000,70.2963,18.8979,11.4227,68.1340,71.5278,11.3812
uniform,15,13,0.8667,68.1046,20.2993,10.8378,68.0212,72.6380,11.5278
uniform,15,14,0.9333,70.5470,20.3486,10.6815,70.2921,75.3915,10.5660
uniform,16,1,0.0625,15.4995,5.5278,3.7804,20.1219,17.6523,3.5248
uniform,16,2,0.1250,26.1734,8.3664,5.4982,33.1106,27.6838,7.1804
uniform,16,3,0.1875,35.4522,10.3193,7.0323,43.1542,36.5841,9.9214
uniform,16,4,0.2500,43.2478,12.3682,8.3349,49.2836,44.6830,11.6319
uniform,16,5,0.3125,49.0436,14.4514,9.3632,52.6136,49.7354,12.0963
uniform,16,6,0.3750,54.6707,15.7674,10.4329,56.2432,55.3991,12.8165
uniform,16,7,0.4375,59.4343,17.1395,10.9834,58.4237,59.0676,12.8856
uniform,16,8,0.5000,63.9428,17.3901,11.6872,62.2751,62.6956,13.0307
uniform,16,9,0.5625,66.4599,17.6739,11.6079,63.6366,64.3471,11.9999
uniform,16,10,0.6250,67.5187,19.0207,12.2499,64.0695,66.1548,13.1130
uniform,16,11,0.6875,68.9917,18.5091,10.1337,66.4598,68.7333,11.4467
uniform,16,12,0.7500,71.7017,19.1321,9.9652,68.1366,71.2664,11.3487
uniform,16,13,0.8125,70.6598,19.5305,11.2699,69.4756,72.7654,11.9498
uniform,16,14,0.8750,69.9314,19.2503,10.8017,69.4413,73.1654,10.6905
uniform,16,15,0.9375,70.3562,19.8169,10.7727,70.3679,75.8975,11.1146
uniform,17,1,0.0588,14.8139,5.2836,3.6754,19.6494,16.9994,3.6342
uniform,17,2,0.1176,25.1132,7.6272,5.5452,33.0532,27.2985,7.1958
uniform,17,3,0.1765,34.1649,10.4342,7.0115,43.0266,35.8776,9.9437
uniform,17,4,0.2353,41.2809,10.9399,7.9456,47.4779,43.0748,11.1857
uniform,17,5,0.2941,47.5888,13.4865,9.4684,51.0559,48.4477,11.7020
uniform,17,6,0.3529,53.2619,16.1081,10.6470,56.0887,53.9294,12.7091
uniform,17,7,0.4118,59.0160,16.6680,10.7814,58.9091,58.6227,12.7990
uniform,17,8,0.4706,63.5809,17.6064,11.4201,61.2923,61.6016,13.0492
uniform,17,9,0.5294,65.0616,18.0919,11.5289,61.8409,63.9804,12.7548
uniform,17,10,0.5882,67.4920,18.8158,11.3211,63.7804,66.4300,12.7354
uniform,17,11,0.6471,68.6312,18.2544,11.7109,65.5415,67.0243,12.2573
uniform,17,12,0.7059,70.5924,18.6487,11.1135,67.1547,70.1694,12.0177
uniform,17,13,0.7647,71.2594,18.5134,10.9899,68.9029,71.3447,11.4677
uniform,17,14,0.8235,71.3713,18.9481,10.6470,70.1046,73.9102,11.4322
uniform,17,15,0.8824,70.8991,19.3793,11.1472,68.9281,74.2608,11.0419
uniform,17,16,0.9412,73.2168,19.4997,11.6347,72.2619,78.1786,11.0105
uniform,18,1,0.0556,14.8264,5.1117,3.6058,19.6026,16.9880,3.4415
uniform,18,2,0.1111,24.6365,7.3334,5.1192,31.5389,26.4990,6.6957
uniform,18,3,0.1667,33.7134,9.0612,6.5106,40.7563,34.5346,9.1431
uniform,18,4,0.2222,39.5889,11.2432,7.8131,46.2393,40.9832,10.7057
uniform,18,5,0.2778,47.0647,12.9287,8.9603,51.6460,47.4451,11.8908
uniform,18,6,0.3333,50.9531,13.9455,9.3981,53.6799,52.5191,12.3313
uniform,18,7,0.3889,56.0896,15.6026,10.6092,57.8746,57.2369,13.1751
uniform,18,8,0.4444,60.6078,16.0676,10.4727,58.9675,59.5058,12.7108
uniform,18,9,0.5000,64.8910,17.7947,11.9360,63.0979,63.6488,13.1348
uniform,18,10,0.5556,65.6711,17.2109,11.4636,62.8861,64.3456,12.6127
uniform,18,11,0.6111,69.4100,18.1225,11.3809,65.6097,67.7110,12.6254
uniform,18,12,0.6667,68.6513,17.9637,11.8984,65.6393,67.6801,12.0305
uniform,18,13,0.7222,70.5083,18.8987,11.0144,67.7169,69.9937,11.9997
uniform,18,14,0.7778,71.1273,19.2756,11.1703,68.0635,72.0795,12.1546
uniform,18,15,0.8333,71.0141,19.1994,11.0694,69.4447,73.3038,11.9402
uniform,18,16,0.8889,71.7688,18.5533,11.2772,71.1277,76.1963,11.2506
uniform,18,17,0.9444,70.7268,19.6858,11.4416,70.3145,75.5511,11.2625
uniform,19,1,0.0526,14.4039,4.9652,3.4551,18.5779,16.2147,3.1771
uniform,19,2,0.1053,23.9083,7.1519,5.1375,30.5023,25.6189,6.4001
uniform,19,3,0.1579,31.9297,8.9643,6.1642,40.1112,33.3994,8.9216
uniform,19,4,0.2105,39.4408,11.0307,8.0705,45.6660,40.4198,11.0305
uniform,19,5,0.2632,45.3264,12.3271,9.1260,50.6236,46.4915,11.5626
uniform,19,6,0.3158,50.9158,13.7316,9.8961,53.8524,51.8996,12.9483
uniform,19,7,0.3684,55.6805,14.9583,10.1394,57.7215,56.0796,13.0753
uniform,19,8,0.4211,59.9492,15.8541,10.9120,61.1663,60.8664,12.9065
uniform,19,9,0.4737,62.8849,16.8483,11.2915,62.2147,62.1354,12.5034
uniform,19,10,0.5263,64.4855,17.9521,11.7958,62.3770,62.6602,13.2510
uniform,19,11,0.5789,68.6089,17.6846,11.5301,64.9109,67.2079,12.6553
uniform,19,12,0.6316,70.1078,18.1085,12.1100,64.4249,67.1387,13.0780
uniform,19,13,0.6842,69.8121,18.8600,11.9077,66.7045,68.8038,11.9591
uniform,19,14,0.7368,71.5754,18.3026,11.5127,68.9088,71.3768,12.4323
uniform,19,15,0.7895,72.8400,18.2748,11.6213,70.7295,72.9003,11.8331
uniform,19,16,0.8421,70.5744,19.0484,12.0902,69.8216,74.1882,12.1579
uniform,19,17,0.8947,70.9693,19.4459,11.6847,70.6567,74.9950,11.4047
uniform,19,18,0.9474,72.0499,19.8623,11.7465,72.7307,77.6311,11.2616
uniform,20,1,0.0500,14.1408,4.8810,3.3418,18.7309,16.0029,3.3631
uniform,20,2,0.1000,23.4364,6.6766,4.9647,30.0359,24.8733,6.2777
uniform,20,3,0.1500,31.3350,8.8508,6.4525,40.0272,32.9021,8.9064
uniform,20,4,0.2000,38.7515,9.7256,7.0434,46.4269,39.7052,10.6699
uniform,20,5,0.2500,44.1373,10.5528,8.1261,49.1528,45.0674,10.9375
uniform,20,6,0.3000,49.5737,13.1227,9.1863,52.9430,50.3681,12.1158
uniform,20,7,0.3500,52.7304,13.7960,9.6343,53.8826,53.5815,12.3325
uniform,20,8,0.4000,57.0846,15.2400,10.7983,57.9474,57.4139,12.7063
uniform,20,9,0.4500,60.1904,16.7899,11.4678,60.2117,60.2708,13.2390
uniform,20,10,0.5000,63.3714,16.7903,11.1324,61.2806,61.9516,12.6529
uniform,20,11,0.5500,66.7272,17.3584,11.8548,64.8558,66.1130,12.3732
uniform,20,12,0.6000,67.5585,18.2102,12.1432,64.3211,65.6789,12.8293
uniform,20,13,0.6500,69.3694,17.9809,11.6667,66.5461,67.6153,12.4353
uniform,20,14,0.7000,70.8338,18.6466,12.1172,66.9435,70.7664,12.7044
uniform,20,15,0.7500,70.9414,18.1843,11.7509,68.6278,71.9338,11.9548
uniform,20,16,0.8000,69.7509,19.2039,12.4728,67.7911,72.5774,12.1106
uniform,20,17,0.8500,70.2971,19.1052,11.4463,70.4089,73.9834,12.3463
uniform,20,18,0.9000,70.7299,19.1757,12.5393,70.7525,75.2405,11.7545
uniform,20,19,0.9500,70.5196,18.9294,11.8050,72.4446,76.6915,11.7155
uniform,21,1,0.0476,13.6306,4.5372,3.2860,17.9069,15.5066,3.1276
uniform,21,2,0.0952,23.4589,6.4580,4.8719,30.4772,24.8798,6.3960
uniform,21,3,0.1429,30.8464,7.9656,6.0676,38.4222,32.0013,8.3876
uniform,21,4,0.1905,36.9539,9.6142,6.9764,43.6751,37.6930,9.8394
uniform,21,5,0.2381,42.5317,10.7719,7.9432,47.1055,43.5153,10.6798
uniform,21,6,0.2857,48.1818,12.6230,9.4043,51.6150,49.7325,11.9053
uniform,21,7,0.3333,52.6772,13.4626,9.3479,54.9635,53.7343,12.2551
uniform,21,8,0.3810,57.0597,15.0139,10.6050,58.8720,57.2757,12.7378
uniform,21,9,0.4286,60.7920,16.0324,11.3606,60.1228,60.2026,13.3110
uniform,21,10,0.4762,62.5370,16.5412,12.2788,61.6910,62.3054,13.6081
uniform,21,11,0.5238,66.4357,17.1075,12.1531,62.9392,64.1035,13.1059
uniform,21,12,0.5714,67.3011,17.3537,12.1805,63.9085,65.5823,13.4440
uniform,21,13,0.6190,68.1830,18.0343,12.3112,66.0871,67.5649,12.7537
uniform,21,14,0.6667,70.2562,17.8396,12.0759,68.0093,70.0774,12.3062
uniform,21,15,0.7143,71.2864,18.4047,12.0008,69.3693,71.2990,12.4700
uniform,21,16,0.7619,71.4063,18.2888,12.4551,69.3094,72.3209,12.8039
uniform,21,17,0.8095,69.1388,18.0200,11.8485,69.0672,71.8046,11.8735
uniform,21,18,0.8571,72.0106,18.8974,12.5907,71.0220,75.3198,12.3663
uniform,21,19,0.9048,70.8889,19.3745,12.2767,71.1447,75.4351,12.0356
uniform,21,20,0.9524,73.0742,18.8420,11.4988,73.8926,78.5432,11.5127
uniform,22,1,0.0455,13.9192,4.4307,3.2636,18.2068,15.6927,3.1062
uniform,22,2,0.0909,21.8586,5.9527,4.5659,28.7409,23.2744,6.1349
uniform,22,3,0.1364,29.7949,7.9776,6.1050,37.6612,31.2346,8.4771
uniform,22,4,0.1818,36.5519,8.9147,6.8117,45.0147,38.0511,10.4846
uniform,22,5,0.2273,42.3077,10.3338,7.7130,47.5296,43.0875,10.4477
uniform,22,6,0.2727,46.5304,12.2352,8.8332,51.3768,48.1151,12.0040
uniform,22,7,0.3182,50.3045,13.2136,9.5982,54.8750,51.7858,12.5862
uniform,22,8,0.3636,55.2433,14.5930,10.5162,55.9850,55.6837,12.6358
uniform,22,9,0.4091,58.1900,15.8092,11.7595,58.6798,57.8831,13.4038
uniform,22,10,0.4545,62.3765,15.9936,11.5276,60.5845,62.0742,12.9649
uniform,22,11,0.5000,65.3516,16.9644,12.5247,62.9312,63.7494,13.2001
uniform,22,12,0.5455,66.9930,16.8695,11.8831,63.7636,65.6849,13.0380
uniform,22,13,0.5909,68.1945,18.4788,12.8646,64.1797,66.1272,13.2392
uniform,22,14,0.6364,68.2470,17.9420,12.3929,64.6215,67.6974,13.0218
uniform,22,15,0.6818,69.5515,18.0119,11.6028,66.9268,68.5532,11.9011
uniform,22,16,0.7273,71.5747,17.6643,11.8546,69.1389,71.6928,12.3786
uniform,22,17,0.7727,71.5214,18.1477,11.7833,68.9263,72.1105,12.0873
uniform,22,18,0.8182,71.4989,18.4468,12.5239,68.8116,72.3624,12.1000
uniform,22,19,0.8636,72.8947,18.1331,12.0394,71.5070,75.5532,11.8074
uniform,22,20,0.9091,72.4387,18.6181,13.0237,72.6488,77.0192,12.2038
uniform,22,21,0.9545,71.9493,18.7291,12.0758,73.0969,78.1708,11.5126
uniform,23,1,0.0435,13.2573,4.2355,3.0777,17.5998,15.0429,3.0391
uniform,23,2,0.0870,22.2286,6.2034,4.5860,28.7710,23.8145,5.8024
uniform,23,3,0.1304,29.5285,7.4056,5.4380,37.5176,30.7540,8.2948
uniform,23,4,0.1739,36.3315,8.9624,6.6989,43.5120,37.6275,9.6478
uniform,23,5,0.2174,41.4232,10.1737,7.8138,48.0413,42.3928,10.9514
uniform,23,6,0.2609,45.5391,11.1480,8.3854,49.9964,46.7957,11.6322
uniform,23,7,0.3043,50.1614,12.8677,9.6489,54.9985,51.3823,12.4846
uniform,23,8,0.3478,53.6003,13.2708,9.7407,56.3585,54.5190,12.8438
uniform,23,9,0.3913,58.2250,14.4279,10.8007,59.0343,58.6710,13.1380
uniform,23,10,0.4348,61.0652,16.0602,12.4021,61.3331,61.2058,13.5000
uniform,23,11,0.4783,63.8308,16.5411,12.2041,62.5447,62.5949,13.3800
uniform,23,12,0.5217,64.9250,17.5070,12.3545,62.5045,63.0227,12.6777
uniform,23,13,0.5652,66.1450,17.5865,12.7397,64.2002,65.6464,13.1565
uniform,23,14,0.6087,68.9728,17.9305,12.4861,66.3955,69.3741,13.4555
uniform,23,15,0.6522,69.8469,17.5479,12.2281,67.2576,68.5773,12.8033
uniform,23,16,0.6957,71.3270,17.2667,12.0404,69.2143,71.4647,12.7173
uniform,23,17,0.7391,72.4754,17.8183,12.3732,69.8554,72.5024,12.5066
uniform,23,18,0.7826,72.8068,18.3812,12.2092,70.9036,73.9251,12.3337
uniform,23,19,0.8261,70.9465,18.2777,12.6879,71.0929,73.9591,12.3677
uniform,23,20,0.8696,71.5430,18.6559,12.6032,71.0296,75.1225,12.3251
uniform,23,21,0.9130,71.4247,19.1120,12.9237,72.4963,76.5678,11.8719
uniform,23,22,0.9565,72.0277,19.1065,12.9911,73.1829,78.0546,12.5308
uniform,24,1,0.0417,12.8662,4.0837,3.0841,17.0804,14.5778,2.9818
uniform,24,2,0.0833,21.6272,5.8004,4.3119,28.0381,23.0130,5.7549
uniform,24,3,0.1250,28.7661,7.1488,5.5656,36.6032,29.9094,7.8875
uniform,24,4,0.1667,34.6348,8.6212,6.7650,42.9521,35.7964,9.7300
uniform,24,5,0.2083,40.5279,9.8250,7.6540,48.0866,42.2828,11.0620
uniform,24,6,0.2500,45.2159,10.9975,8.4253,50.2127,46.5461,11.6756
uniform,24,7,0.2917,49.4024,12.9062,9.6186,53.6721,50.6811,12.3518
uniform,24,8,0.3333,53.4597,13.8491,9.8989,57.6149,54.8634,12.8939
uniform,24,9,0.3750,56.3872,14.2849,11.0007,59.4066,56.9852,13.1087
uniform,24,10,0.4167,59.3285,15.2674,11.4301,60.6086,59.4777,13.3462
uniform,24,11,0.4583,62.5996,16.7319,12.6439,61.0441,61.4826,13.8421
uniform,24,12,0.5000,64.0463,16.5668,12.0630,63.4170,63.8843,13.0121
uniform,24,13,0.5417,67.0367,17.1321,12.2138,65.6212,65.4148,12.3884
uniform,24,14,0.5833,68.1113,17.1595,12.2805,65.5795,67.1843,12.4917
uniform,24,15,0.6250,69.7581,18.1656,12.7317,66.2834,68.4096,12.8781
uniform,24,16,0.6667,70.3333,17.8728,12.4463,68.5401,69.1634,12.7145
uniform,24,17,0.7083,71.3825,17.6321,12.3490,69.1353,70.8876,12.4644
uniform,24,18,0.7500,72.3818,17.5325,12.3333,70.7531,73.5253,12.5419
uniform,24,19,0.7917,71.4054,18.0287,12.4802,69.7772,72.3721,12.1301
uniform,24,20,0.8333,72.9182,18.0753,12.7697,72.5324,75.4407,12.2934
uniform,24,21,0.8750,70.7056,18.8568,12.6736,70.4232,74.7184,12.0284
uniform,24,22,0.9167,71.2667,19.0123,13.0515,71.4260,76.6637,12.0653
uniform,24,23,0.9583,71.9539,19.2623,12.1199,73.8340,78.1081,11.7983
uniform,25,1,0.0400,12.7102,3.9578,2.9762,16.7323,14.2436,2.8903
uniform,25,2,0.0800,21.2518,5.6833,4.3001,27.7326,22.7667,5.5788
uniform,25,3,0.1200,28.6755,6.7939,5.3166,36.5511,29.9061,7.8137
uniform,25,4,0.1600,34.6225,8.4916,6.6269,42.0039,35.6610,9.2579
uniform,25,5,0.2000,39.4277,10.0643,7.9299,46.4025,40.4853,10.7977
uniform,25,6,0.2400,43.6808,10.8666,8.1072,49.6712,45.4737,11.2418
uniform,25,7,0.2800,47.6311,11.6030,9.0549,53.3658,48.7539,12.2239
uniform,25,8,0.3200,51.8561,13.2457,9.7297,55.6892,53.3254,12.3018
uniform,25,9,0.3600,55.6226,13.6758,10.8990,57.7994,55.8276,13.3708
uniform,25,10,0.4000,58.5205,14.9704,10.9191,59.0841,58.8720,12.8855
uniform,25,11,0.4400,61.5269,16.3104,12.1964,62.3754,62.1231,13.6976
uniform,25,12,0.4800,65.0363,15.9804,11.6461,64.6513,64.5209,13.7858
uniform,25,13,0.5200,66.5458,17.1024,13.0817,64.2629,64.8839,13.7123
uniform,25,14,0.5600,68.4122,17.3912,12.4411,65.7547,66.5786,13.0655
uniform,25,15,0.6000,68.5331,17.4080,12.8485,66.6711,67.4735,13.0590
uniform,25,16,0.6400,70.6946,17.2279,11.9257,68.2837,70.1277,12.8843
uniform,25,17,0.6800,70.2027,17.8342,12.1751,69.4515,70.5446,12.8836
uniform,25,18,0.7200,72.1580,17.7117,12.8827,69.7474,71.4927,12.6833
uniform,25,19,0.7600,71.1334,18.2119,12.1438,70.0122,72.4820,12.4835
uniform,25,20,0.8000,72.4357,18.0882,11.9452,70.6784,73.5969,12.5858
uniform,25,21,0.8400,71.5191,18.3462,12.6639,71.1396,74.4893,12.2608
uniform,25,22,0.8800,73.3540,18.1408,12.7282,73.4994,76.4388,12.3025
uniform,25,23,0.9200,71.1483,18.6609,12.9178,72.2498,76.2136,11.9402
uniform,25,24,0.9600,71.5212,19.2149,13.5730,73.5543,77.6779,12.1952
uniform,26,1,0.0385,12.3060,3.6330,2.7646,16.2788,13.7217,2.8240
uniform,26,2,0.0769,20.7536,5.4714,4.1007,26.5677,22.0273,5.3054
uniform,26,3,0.1154,27.8159,7.0021,5.5422,36.4291,29.0443,8.1302
uniform,26,4,0.1538,33.1534,8.1402,6.3787,41.1048,33.9446,9.1951
uniform,26,5,0.1923,38.3790,9.6696,7.3483,45.2167,39.3347,9.9733
uniform,26,6,0.2308,43.4323,10.5378,8.3049,49.2997,44.3378,11.2128
uniform,26,7,0.2692,47.6299,11.4645,9.1651,52.0007,48.3200,11.7796
uniform,26,8,0.3077,50.9111,12.5101,9.5934,55.3345,52.7257,12.4091
uniform,26,9,0.3462,54.0210,13.4550,10.4992,56.1612,55.8576,12.7650
uniform,26,10,0.3846,57.7519,14.5386,10.9285,58.8555,58.6442,13.3140
uniform,26,11,0.4231,59.8468,15.2013,11.8689,59.8130,60.9834,13.7832
uniform,26,12,0.4615,62.8884,15.9833,12.0439,62.4774,62.4627,13.3097
uniform,26,13,0.5000,65.7471,16.1106,12.2232,63.3071,64.9359,13.3932
uniform,26,14,0.5385,65.3671,16.6351,12.3232,64.6738,65.2363,13.0244
uniform,26,15,0.5769,69.2814,16.7341,12.1109,66.7508,67.1328,13.5233
uniform,26,16,0.6154,69.3883,17.5974,12.4117,67.4649,68.7581,12.7967
uniform,26,17,0.6538,69.3362,17.6528,12.4937,66.6958,68.2433,12.7658
uniform,26,18,0.6923,70.0816,18.1696,13.0389,69.7049,69.7657,13.1578
uniform,26,19,0.7308,71.1191,17.5655,12.4023,69.5646,71.9022,12.6740
uniform,26,20,0.7692,71.4687,16.7929,12.0513,70.8107,72.3687,11.5411
uniform,26,21,0.8077,72.8179,17.9938,13.1577,71.5223,73.7790,12.3319
uniform,26,22,0.8462,72.4943,18.1202,12.4622,71.7032,75.3971,12.0585
uniform,26,23,0.8846,72.5331,18.3825,12.7852,73.0648,76.6110,11.9819
uniform,26,24,0.9231,71.6887,17.9614,12.5503,72.5630,76.1985,11.7058
uniform,26,25,0.9615,71.4566,19.5801,13.2096,73.6300,78.6516,12.5609
uniform,27,1,0.0370,12.3544,3.6180,2.7882,16.1601,13.9465,2.7249
uniform,27,2,0.0741,20.8182,5.3476,4.1940,27.0149,22.1860,5.3567
uniform,27,3,0.1111,27.3078,6.6148,5.0261,35.4478,28.4713,7.6370
uniform,27,4,0.1481,32.8636,7.5983,6.0387,41.0162,33.9340,8.8047
uniform,27,5,0.1852,37.8868,8.7509,6.9427,46.2305,39.2344,10.3803
uniform,27,6,0.2222,42.1138,9.7062,7.5838,48.0950,43.2671,10.6461
uniform,27,7,0.2593,45.9295,11.1352,8.6141,51.3401,47.1150,11.7379
uniform,27,8,0.2963,50.5288,12.2394,9.2790,54.2747,51.0619,12.3690
uniform,27,9,0.3333,53.7825,12.7963,9.9887,56.9429,54.2883,12.8223
uniform,27,10,0.3704,57.0842,14.3893,10.7573,58.4337,57.6347,12.9286
uniform,27,11,0.4074,58.4980,14.8305,11.8520,59.0144,59.5090,12.9682
uniform,27,12,0.4444,61.5259,15.8390,12.1386,62.6947,61.7579,13.6979
uniform,27,13,0.4815,64.0934,16.1993,12.6530,63.8006,63.9343,13.2979
uniform,27,14,0.5185,67.2544,17.0666,12.2928,65.1344,66.5481,13.3236
uniform,27,15,0.5556,67.9766,16.5930,11.6714,65.7978,66.6170,12.9319
uniform,27,16,0.5926,67.7841,17.1598,12.4991,66.4525,67.1741,13.0821
uniform,27,17,0.6296,70.5036,17.7899,13.5103,69.0935,70.2439,13.2835
uniform,27,18,0.6667,71.8242,17.5336,12.9045,68.2320,70.6158,13.0609
uniform,27,19,0.7037,70.3956,17.7437,13.1842,69.6922,71.0609,13.0500
uniform,27,20,0.7407,72.2306,17.9615,12.7394,69.9775,72.6993,12.9241
uniform,27,21,0.7778,72.5123,18.1731,12.4240,70.9280,73.3142,12.4647
uniform,27,22,0.8148,72.2863,18.0535,12.9560,72.7577,74.1063,12.1926
uniform,27,23,0.8519,71.9548,18.8485,12.7271,71.7887,75.0530,11.8531
uniform,27,24,0.8889,71.2542,18.9323,13.2780,72.0041,76.3787,12.1325
uniform,27,25,0.9259,72.2077,19.1004,13.9903,73.1762,77.9992,12.5252
uniform,27,26,0.9630,72.6974,18.1084,12.5917,75.1933,78.8354,11.9982
uniform,28,1,0.0357,12.1774,3.5924,2.7035,15.9395,13.6900,2.6758
uniform,28,2,0.0714,20.4154,5.1411,3.9383,26.7879,21.7849,5.3410
uniform,28,3,0.1071,27.2079,6.4595,5.1164,34.7275,28.1169,7.4702
uniform,28,4,0.1429,32.6885,7.3610,5.9013,40.0096,33.5299,8.4518
uniform,28,5,0.1786,36.9852,8.4803,7.1021,44.2117,37.9597,9.8152
uniform,28,6,0.2143,42.3607,9.9253,8.1240,49.3732,43.0561,10.9220
uniform,28,7,0.2500,45.7799,10.6572,8.4927,51.5709,46.8790,11.4321
uniform,28,8,0.2857,49.4518,11.4794,9.1088,54.1797,50.7519,12.0289
uniform,28,9,0.3214,52.1718,12.5464,9.3618,56.2883,52.9391,12.4242
uniform,28,10,0.3571,55.3683,13.4321,10.3457,56.3059,56.3180,12.6669
uniform,28,11,0.3929,57.4921,14.5727,10.9066,60.0711,57.4978,13.0716
uniform,28,12,0.4286,60.4342,15.1859,11.8613,62.0264,61.4064,13.6106
uniform,28,13,0.4643,63.1680,15.8800,12.3338,64.2247,64.1392,13.8862
uniform,28,14,0.5000,65.4499,16.6201,12.6128,65.9645,65.3880,13.2867
uniform,28,15,0.5357,68.8248,17.5446,13.2672,66.2905,67.6157,13.8512
uniform,28,16,0.5714,67.7349,17.1759,12.8463,66.9525,66.5991,13.1608
uniform,28,17,0.6071,70.3026,17.5813,13.1601,67.3528,68.1894,13.2309
uniform,28,18,0.6429,69.6113,17.0156,12.7583,68.7461,69.6567,12.4901
uniform,28,19,0.6786,71.3889,18.0551,13.0920,70.3361,71.2165,13.2682
uniform,28,20,0.7143,73.0852,17.3963,12.5424,71.0208,72.4347,12.7967
uniform,28,21,0.7500,70.8188,18.1365,12.1332,69.8280,71.8932,12.5077
uniform,28,22,0.7857,71.8691,17.3965,12.7581,71.2657,73.7315,12.8358
uniform,28,23,0.8214,71.9517,18.3643,13.0534,71.0310,74.0266,12.9640
uniform,28,24,0.8571,72.2692,18.3148,13.3058,73.3525,76.1932,12.3354
uniform,28,25,0.8929,72.6425,17.4398,12.6626,73.7048,77.3646,11.7273
uniform,28,26,0.9286,73.2246,18.9609,13.2051,75.0744,78.9022,12.1009
uniform,28,27,0.9643,73.0373,18.4197,13.4884,75.8106,79.7170,11.8353
uniform,29,1,0.0345,12.1018,3.5457,2.7964,16.0185,13.6473,2.7308
uniform,29,2,0.0690,20.0687,4.9033,3.8405,25.7210,21.1624,4.8647
uniform,29,3,0.1034,26.5082,6.2765,4.8830,33.9049,27.4779,7.2070
uniform,29,4,0.1379,31.8838,7.5543,6.1550,40.8760,32.7959,9.0934
uniform,29,5,0.1724,36.8132,8.7300,6.9992,44.8590,38.0034,10.1460
uniform,29,6,0.2069,40.8245,9.5670,7.4900,47.6449,41.5844,10.6803
uniform,29,7,0.2414,44.7740,10.3234,8.1636,50.8787,45.9014,11.2544
uniform,29,8,0.2759,48.1381,11.2220,8.8987,53.1388,48.8088,11.8835
uniform,29,9,0.3103,51.6197,12.1764,9.5285,55.6628,52.6201,12.4122
uniform,29,10,0.3448,54.2732,12.3177,10.0786,57.7748,56.0634,12.7336
uniform,29,11,0.3793,56.8388,13.7034,10.8629,58.0609,57.8728,13.1640
uniform,29,12,0.4138,59.0714,14.2832,11.1638,61.9265,59.9351,13.2991
uniform,29,13,0.4483,61.9094,15.4165,12.4929,64.2312,62.8394,13.3506
uniform,29,14,0.4828,64.8884,15.7646,12.5841,65.0673,64.2584,13.6396
uniform,29,15,0.5172,66.0884,15.9804,12.2823,66.1560,65.6580,12.9615
uniform,29,16,0.5517,68.3863,16.9493,13.3725,67.0303,67.9615,13.4329
uniform,29,17,0.5862,68.9727,16.8946,12.8824,67.0685,67.5867,13.1326
uniform,29,18,0.6207,70.7111,16.7772,12.9754,67.5187,69.3425,13.6560
uniform,29,19,0.6552,71.2520,17.4312,12.2690,69.1885,70.7852,13.0023
uniform,29,20,0.6897,72.4290,16.6484,12.4172,69.5171,71.2505,13.1408
uniform,29,21,0.7241,72.0565,17.8515,12.9989,70.3287,72.6659,12.9110
uniform,29,22,0.7586,71.6054,17.2538,12.4626,71.7264,73.4311,12.2063
uniform,29,23,0.7931,72.4044,17.7237,13.1126,72.1582,74.5899,12.3222
uniform,29,24,0.8276,72.8023,18.3672,12.5566,71.8160,75.1349,12.5491
uniform,29,25,0.8621,73.0478,17.7929,12.8715,72.3208,76.1919,12.2446
uniform,29,26,0.8966,73.4871,17.5734,13.0548,73.5344,77.3199,11.9496
uniform,29,27,0.9310,72.2853,18.5101,13.4224,74.5380,78.0744,12.2940
uniform,29,28,0.9655,72.0773,18.7808,13.0433,74.6296,78.9791,12.1156
uniform,30,1,0.0333,11.9334,3.3834,2.6796,15.6594,13.3393,2.6262
uniform,30,2,0.0667,19.4342,4.5633,3.6668,26.0073,20.9565,5.2271
uniform,30,3,0.1000,25.9873,6.0353,4.8602,33.4668,26.8833,7.0298
uniform,30,4,0.1333,31.2827,7.1728,5.9195,38.4894,32.4281,8.2850
uniform,30,5,0.1667,36.2591,8.2622,6.8073,43.1529,37.4409,9.3444
uniform,30,6,0.2000,39.7328,8.9252,7.2375,45.9092,41.1397,10.0195
uniform,30,7,0.2333,44.4545,10.2812,8.5793,50.2983,45.9685,11.1317
uniform,30,8,0.2667,47.2455,10.6178,8.5614,53.4657,48.8569,11.8674
uniform,30,9,0.3000,50.6055,11.5954,9.0566,54.5151,51.3892,12.2702
uniform,30,10,0.3333,53.3101,12.8339,10.0129,56.8470,54.5068,12.3708
uniform,30,11,0.3667,56.6487,14.0473,11.5850,59.2685,58.1209,13.1684
uniform,30,12,0.4000,58.7822,14.2750,11.3739,60.0024,59.5799,13.0043
uniform,30,13,0.4333,61.0937,15.3010,12.0676,61.7870,62.1270,13.8593
uniform,30,14,0.4667,63.2196,15.6631,11.8472,62.9946,62.4942,13.3684
uniform,30,15,0.5000,65.7588,16.5120,13.1029,65.5028,65.4780,13.5141
uniform,30,16,0.5333,67.3795,16.3602,12.3566,66.0091,66.2482,13.1075
uniform,30,17,0.5667,67.9915,16.8533,13.1584,66.1420,67.4912,13.0614
uniform,30,18,0.6000,69.7704,17.1646,13.1590,67.5799,68.9018,13.4361
uniform,30,19,0.6333,69.3708,16.8033,13.0645,67.1081,68.4348,12.8967
uniform,30,20,0.6667,71.3166,17.0040,12.7832,68.6876,70.2884,13.0955
uniform,30,21,0.7000,71.5601,17.9528,13.0299,70.7123,72.5337,12.8457
uniform,30,22,0.7333,73.8344,16.8232,12.2525,72.6122,73.4168,12.2616
uniform,30,23,0.7667,72.4295,17.5585,13.0362,71.2986,73.2273,12.9663
uniform,30,24,0.8000,72.3789,17.2313,12.4835,71.3372,74.5704,12.0634
uniform,30,25,0.8333,73.1455,17.5694,12.7685,71.8193,75.9673,12.6585
uniform,30,26,0.8667,72.9699,18.4628,13.1160,73.4821,75.9870,12.2946
uniform,30,27,0.9000,74.6015,18.3973,12.9399,74.7849,78.2320,12.1249
uniform,30,28,0.9333,72.5635,18.2111,12.9825,73.9925,78.1106,11.7774
uniform,30,29,0.9667,73.7410,18.3693,13.5695,75.7540,79.4828,12.3740
uniform,31,1,0.0323,11.4742,3.1977,2.5542,15.4375,12.9340,2.6789
uniform,31,2,0.0645,19.5092,4.6260,3.7211,25.2526,20.5599,4.8765
uniform,31,3,0.0968,25.4955,5.6777,4.6020,32.6402,26.6903,6.6786
uniform,31,4,0.1290,30.6254,7.0009,5.6265,38.8388,31.7221,8.2925
uniform,31,5,0.1613,35.6016,7.9267,6.3183,43.1199,36.6199,9.5480
uniform,31,6,0.1935,39.6890,9.2789,7.4488,45.5686,40.7364,10.0897
uniform,31,7,0.2258,43.6742,9.4233,7.8650,49.4662,45.2835,10.9562
uniform,31,8,0.2581,46.5021,10.7452,8.5249,52.1681,47.9631,11.7081
uniform,31,9,0.2903,50.4180,11.2313,9.2849,55.0169,51.5899,12.1990
uniform,31,10,0.3226,53.1012,12.4563,9.8711,58.2182,55.3739,12.7282
uniform,31,11,0.3548,55.4255,12.5176,10.4637,58.0017,56.3101,12.6790
uniform,31,12,0.3871,57.5520,14.2088,11.6187,59.1139,58.9167,12.9722
uniform,31,13,0.4194,60.2710,14.6755,11.3799,61.6700,61.3418,13.1085
uniform,31,14,0.4516,63.9469,15.3659,12.2058,63.6254,64.1011,13.2511
uniform,31,15,0.4839,64.9205,15.8785,12.3761,65.6324,65.2045,13.5438
uniform,31,16,0.5161,66.3007,16.6656,13.2717,64.6782,65.2278,13.3978
uniform,31,17,0.5484,68.6181,16.6228,12.8028,66.2747,66.4235,13.3738
uniform,31,18,0.5806,69.0761,16.5288,12.6480,66.0740,67.0386,13.0475
uniform,31,19,0.6129,70.0352,17.0271,13.2410,69.3771,68.7730,13.4142
uniform,31,20,0.6452,70.4350,17.3856,13.3007,68.7292,69.7634,13.8368
uniform,31,21,0.6774,71.7043,16.7618,12.5906,70.4693,71.8440,12.8612
uniform,31,22,0.7097,72.0842,17.2234,13.5878,70.1442,72.5532,13.1000
uniform,31,23,0.7419,72.2763,17.3278,12.6375,71.0655,73.1380,12.4310
uniform,31,24,0.7742,72.2688,17.2850,12.7456,71.3663,73.9322,12.4355
uniform,31,25,0.8065,72.1096,17.9357,12.7431,72.3275,75.1050,12.3673
uniform,31,26,0.8387,72.0032,17.5152,12.6585,72.8177,75.9108,12.1332
uniform,31,27,0.8710,73.8818,17.1661,12.7196,75.3156,77.4064,12.1448
uniform,31,28,0.9032,71.3026,18.6437,13.0506,72.8209,76.1769,12.4347
uniform,31,29,0.9355,73.2695,18.2041,13.2390,75.8404,78.7133,11.8779
uniform,31,30,0.9677,71.7154,17.9480,13.0052,73.6816,77.8267,12.1285
uniform,32,1,0.0312,11.4472,3.2660,2.4993,15.4313,12.8481,2.6506
uniform,32,2,0.0625,19.0788,4.4790,3.6126,25.1587,20.3642,4.8994
uniform,32,3,0.0938,25.6028,5.7843,4.6287,32.7622,26.7542,6.6630
uniform,32,4,0.1250,30.3781,6.8896,5.6767,38.8589,31.4380,8.3897
uniform,32,5,0.1562,34.7530,7.9734,6.5158,42.8455,35.7548,9.5832
uniform,32,6,0.1875,38.4562,8.5719,7.1074,46.6283,39.9005,10.0942
uniform,32,7,0.2188,42.7820,9.2889,7.7102,49.1719,44.1548,10.8006
uniform,32,8,0.2500,45.7564,10.4326,8.5078,52.7205,47.8316,11.6963
uniform,32,9,0.2812,49.7843,11.6964,9.1718,54.6954,51.0390,11.8322
uniform,32,10,0.3125,52.2187,12.7762,10.1212,56.0476,54.0550,12.8619
uniform,32,11,0.3438,54.8255,12.6182,10.1386,57.6405,55.6378,12.6287
uniform,32,12,0.3750,57.6138,13.6016,10.7059,60.2000,58.8373,13.3222
uniform,32,13,0.4062,59.2418,14.4797,11.3070,60.9803,59.7403,13.3818
uniform,32,14,0.4375,61.7179,14.9591,11.6335,63.1486,61.5599,13.5568
uniform,32,15,0.4688,63.2938,15.7116,12.2056,64.4956,63.9481,13.3863
uniform,32,16,0.5000,65.2700,16.5461,12.9791,66.2222,65.0736,13.8016
uniform,32,17,0.5312,67.0378,16.0448,12.9115,66.6312,66.3925,13.6316
uniform,32,18,0.5625,68.5726,16.4200,13.0299,66.1271,66.4576,13.3973
uniform,32,19,0.5938,69.6431,17.1934,12.7969,67.8605,68.7940,13.0654
uniform,32,20,0.6250,70.1660,17.3968,13.2381,68.5626,70.0917,13.5013
uniform,32,21,0.6562,71.2980,17.3716,13.3018,70.2514,70.9839,13.1044
uniform,32,22,0.6875,72.1022,17.1572,13.2442,70.5027,72.3078,12.9214
uniform,32,23,0.7188,72.3538,16.9774,12.5891,70.2353,72.1882,12.7897
uniform,32,24,0.7500,72.6917,17.5433,13.3936,71.4382,73.9080,12.9873
uniform,32,25,0.7812,72.3267,16.5907,12.5488,71.7026,73.7606,12.1390
uniform,32,26,0.8125,72.9085,17.9492,13.3463,72.3090,74.7690,12.8313
uniform,32,27,0.8438,73.3766,17.0114,12.8642,73.2559,75.6078,12.7999
uniform,32,28,0.8750,73.1780,18.0631,13.3252,74.0452,77.6937,12.3898
uniform,32,29,0.9062,72.4679,18.7779,13.7301,74.8483,77.7196,12.2993
uniform,32,30,0.9375,73.0445,17.9464,13.6669,74.7531,78.7672,12.1799
uniform,32,31,0.9688,72.8132,17.6515,13.4440,75.5644,79.3771,11.9040
uniform,33,1,0.0303,11.4619,3.2231,2.5105,15.0868,12.8088,2.5245
uniform,33,2,0.0606,18.9568,4.4210,3.5680,24.9832,20.1056,4.8043
uniform,33,3,0.0909,24.8910,5.6399,4.6182,32.4574,25.7423,6.7522
uniform,33,4,0.1212,30.3463,6.5971,5.4053,38.1716,30.8464,7.9713
uniform,33,5,0.1515,34.5017,7.6637,6.1213,41.4846,35.6131,8.9033
uniform,33,6,0.1818,38.3668,8.5816,7.0472,45.0002,39.4545,9.5025
uniform,33,7,0.2121,42.6322,9.0630,7.3719,48.5855,43.3799,10.3595
uniform,33,8,0.2424,45.0675,10.0370,7.9886,51.4478,46.2033,11.2972
uniform,33,9,0.2727,48.2965,11.2334,9.1844,54.8798,49.9820,12.0432
uniform,33,10,0.3030,51.0739,11.6661,9.4954,54.0667,52.2830,12.1761
uniform,33,11,0.3333,54.0374,12.4872,10.3841,58.4536,55.6530,12.6441
uniform,33,12,0.3636,56.7195,14.0092,11.2231,60.0610,57.6225,13.3164
uniform,33,13,0.3939,58.7633,13.9427,11.3999,59.8172,59.1942,13.7875
uniform,33,14,0.4242,61.3772,14.9621,12.1348,63.1109,61.7045,13.3332
uniform,33,15,0.4545,62.3208,15.1285,11.7363,63.4188,63.4306,13.8535
uniform,33,16,0.4848,65.4014,15.9915,13.2242,64.9260,65.5830,13.3038
uniform,33,17,0.5152,67.3215,15.7667,12.4916,66.2393,66.3998,13.5060
uniform,33,18,0.5455,68.1840,16.5347,13.4702,67.0580,67.2777,13.7279
uniform,33,19,0.5758,69.4015,16.8391,12.9211,67.7987,67.8151,13.9072
uniform,33,20,0.6061,69.3067,16.6547,12.9558,68.4750,68.7604,13.0046
uniform,33,21,0.6364,70.9877,17.5356,13.3584,68.7504,69.6062,12.9684
uniform,33,22,0.6667,71.4210,17.1435,12.8063,69.2388,70.8157,12.9474
uniform,33,23,0.6970,71.8956,17.1105,12.6451,70.3329,71.9069,12.6765
uniform,33,24,0.7273,70.9866,17.0123,13.0811,70.8025,72.0944,12.4344
uniform,33,25,0.7576,72.3121,17.1821,12.9552,70.0743,73.2733,12.6613
uniform,33,26,0.7879,72.7203,17.7630,13.3739,72.7369,75.8834,13.1364
uniform,33,27,0.8182,72.5785,17.5765,13.3172,72.9275,74.9242,12.8675
uniform,33,28,0.8485,72.7000,17.5064,13.7231,73.4975,75.8235,12.6077
uniform,33,29,0.8788,73.0929,17.8347,13.3376,74.4421,77.9091,12.3577
uniform,33,30,0.9091,72.9112,17.9457,13.5118,74.3580,77.8322,12.1203
uniform,33,31,0.9394,72.3634,18.3595,13.3719,73.8975,78.2614,12.3912
uniform,33,32,0.9697,73.0222,17.7193,13.2463,76.2061,79.6195,11.9320
uniform,34,1,0.0294,11.1148,3.1414,2.5285,14.7681,12.4200,2.5370
uniform,34,2,0.0588,18.6249,4.2778,3.4825,24.5266,19.7714,4.6682
uniform,34,3,0.0882,24.4642,5.5011,4.5096,31.6613,25.6111,6.3991
uniform,34,4,0.1176,29.8242,6.4905,5.2929,37.9819,30.4250,7.9244
uniform,34,5,0.1471,34.2105,7.3937,6.1674,41.3017,34.8346,8.6818
uniform,34,6,0.1765,37.7846,7.8391,6.5628,45.2915,38.7567,9.6513
uniform,34,7,0.2059,41.7578,9.2698,7.2773,47.9545,42.5687,10.4242
uniform,34,8,0.2353,44.9577,9.9939,8.1236,50.7384,46.3850,11.3000
uniform,34,9,0.2647,47.7291,10.4204,8.4096,53.2364,49.5049,11.7148
uniform,34,10,0.2941,51.2259,11.6222,9.0661,56.1171,52.2212,11.8467
uniform,34,11,0.3235,53.2673,12.6520,10.3196,58.7144,54.8288,13.3075
uniform,34,12,0.3529,55.9286,13.2000,10.4085,58.3314,57.0901,12.4670
uniform,34,13,0.3824,57.9098,13.5215,10.5466,59.7027,59.5788,13.3639
uniform,34,14,0.4118,60.6960,14.6937,11.6702,61.5853,61.0926,13.4158
uniform,34,15,0.4412,62.5411,15.2500,12.4749,63.5027,63.2518,13.4899
uniform,34,16,0.4706,65.1123,15.3814,12.0788,65.7127,65.2346,13.8190
uniform,34,17,0.5000,66.4016,16.0045,13.1049,65.6305,65.8278,13.4818
uniform,34,18,0.5294,67.0837,16.2576,12.6982,65.2556,65.7432,13.4015
uniform,34,19,0.5588,68.2441,16.7812,12.7261,67.2515,67.2551,13.2350
uniform,34,20,0.5882,69.1422,16.5715,13.0759,67.1142,67.7566,13.5116
uniform,34,21,0.6176,70.0752,16.3813,13.2449,69.0886,69.4554,13.5666
uniform,34,22,0.6471,71.0069,16.9762,13.6455,69.5606,70.2137,13.0965
uniform,34,23,0.6765,72.2855,16.7770,13.1223,69.9866,71.8377,13.2710
uniform,34,24,0.7059,71.9436,17.0126,13.0802,70.9156,72.9613,12.6646
uniform,34,25,0.7353,72.7723,16.5002,13.0407,70.8018,73.4183,12.9673
uniform,34,26,0.7647,72.5214,17.2305,12.8595,71.6128,73.7438,12.7319
uniform,34,27,0.7941,73.4120,17.2010,13.3597,72.3940,74.9799,12.4844
uniform,34,28,0.8235,73.3676,17.3854,13.2600,72.1639,75.7386,12.9529
uniform,34,29,0.8529,72.9217,17.5713,14.3915,74.2167,77.3731,12.7828
uniform,34,30,0.8824,72.9389,17.8480,13.2720,74.3838,77.1679,11.9630
uniform,34,31,0.9118,71.8508,18.3138,13.9525,74.2041,77.7270,12.7297
uniform,34,32,0.9412,72.4095,17.9289,13.3605,74.9475,78.6007,12.5045
uniform,34,33,0.9706,73.0543,18.2741,13.4268,76.3954,79.3526,12.1023
uniform,35,1,0.0286,11.2354,3.0428,2.4144,14.6244,12.5322,2.3887
uniform,35,2,0.0571,18.2845,4.3193,3.4776,23.8089,19.5092,4.5366
uniform,35,3,0.0857,24.3862,5.2904,4.3843,31.5532,25.3195,6.3615
uniform,35,4,0.1143,29.2436,6.2428,5.2887,37.3437,30.4909,8.0411
uniform,35,5,0.1429,33.7260,7.4961,6.2549,40.9270,34.7434,8.6668
uniform,35,6,0.1714,37.4104,8.0788,6.7389,45.5322,38.5794,9.7993
uniform,35,7,0.2000,40.6013,8.5840,6.9348,46.9941,41.4389,10.0770
uniform,35,8,0.2286,43.9204,9.5891,7.7730,50.5370,45.8109,11.1494
uniform,35,9,0.2571,47.9436,10.9822,8.8979,52.8069,48.9583,11.9405
uniform,35,10,0.2857,50.2001,11.1452,9.0836,54.2657,50.7431,11.8505
uniform,35,11,0.3143,52.4974,11.7978,9.5415,57.5738,54.4889,12.4776
uniform,35,12,0.3429,55.8707,12.7896,10.5520,58.8414,57.3198,13.0448
uniform,35,13,0.3714,57.4559,13.5604,11.1292,59.7826,57.8575,12.8463
uniform,35,14,0.4000,59.3280,13.8307,11.2079,61.3582,60.5545,12.9469
uniform,35,15,0.4286,61.4436,14.5708,11.7496,62.8815,61.8251,13.6738
uniform,35,16,0.4571,62.8509,15.0845,12.4092,63.5940,63.3754,13.3053
uniform,35,17,0.4857,65.5641,15.6161,12.8585,65.8114,64.6630,13.5923
uniform,35,18,0.5143,66.2083,15.6143,12.6112,66.5531,65.7103,13.0921
uniform,35,19,0.5429,68.4013,16.4976,13.1692,66.9588,67.4232,13.3522
uniform,35,20,0.5714,69.4119,16.0700,12.3366,67.9792,67.6912,12.7989
uniform,35,21,0.6000,69.0557,17.0020,13.5588,69.0264,68.9405,13.5529
uniform,35,22,0.6286,71.0703,16.4836,13.2086,68.9184,70.1313,13.2722
uniform,35,23,0.6571,71.2809,17.0791,13.0599,69.3867,71.3141,12.8310
uniform,35,24,0.6857,71.8834,16.9187,12.8090,70.1542,71.9563,12.6740
uniform,35,25,0.7143,71.5712,17.1773,13.2448,70.1998,71.7846,12.9731
uniform,35,26,0.7429,71.9688,17.5434,13.6522,71.0342,73.6512,13.2575
uniform,35,27,0.7714,73.7598,16.9918,13.2570,73.3723,74.9532,12.2838
uniform,35,28,0.8000,72.1608,17.4614,13.2531,72.6226,75.2512,12.6870
uniform,35,29,0.8286,72.4914,17.9108,14.0688,73.1292,75.8704,13.2561
uniform,35,30,0.8571,72.5100,17.7856,13.0718,73.0325,75.9182,12.2766
uniform,35,31,0.8857,73.9691,18.0901,13.7101,74.7024,77.8666,12.6310
uniform,35,32,0.9143,72.3877,17.9450,13.4356,74.0546,76.7603,12.2821
uniform,35,33,0.9429,72.1168,18.5847,14.4161,75.3422,79.0747,12.7549
uniform,35,34,0.9714,73.0037,18.0140,13.7826,75.7968,79.2914,11.8353
uniform,36,1,0.0278,10.8459,2.9772,2.3629,14.3223,12.1131,2.4029
uniform,36,2,0.0556,18.3980,4.0467,3.3602,23.9847,19.3902,4.4926
uniform,36,3,0.0833,24.0330,5.3336,4.4370,31.1060,24.9661,6.3715
uniform,36,4,0.1111,28.6640,6.1067,5.0043,36.3615,29.7500,7.5156
uniform,36,5,0.1389,33.3257,7.1239,5.9583,41.7464,34.4953,8.9229
uniform,36,6,0.1667,37.6024,8.0170,6.5929,45.2339,38.2027,9.6099
uniform,36,7,0.1944,39.7194,8.4942,7.1167,46.4462,40.9177,10.1144
uniform,36,8,0.2222,43.7563,9.4494,7.8833,50.5213,45.1370,10.8673
uniform,36,9,0.2500,46.9141,10.2516,8.2582,52.2940,48.1702,11.2971
uniform,36,10,0.2778,49.1866,10.9713,8.9994,55.1438,50.8319,11.9844
uniform,36,11,0.3056,51.3463,11.2214,9.5632,57.8330,53.2748,12.3131
uniform,36,12,0.3333,54.1902,12.3588,9.9082,57.8047,56.0690,12.1029
uniform,36,13,0.3611,56.4917,13.2113,10.9310,59.1759,57.7805,12.9529
uniform,36,14,0.3889,58.1945,13.5861,10.9080,61.7333,59.3340,13.1868
uniform,36,15,0.4167,62.3025,14.1457,11.5821,63.9212,62.3374,13.4748
uniform,36,16,0.4444,61.7052,14.7090,12.3665,62.6466,62.4853,13.5621
uniform,36,17,0.4722,64.6413,15.3746,12.7543,65.2337,65.3345,14.0747
uniform,36,18,0.5000,66.1587,16.4615,12.8071,66.5431,66.4287,13.5422
uniform,36,19,0.5278,67.9927,15.7465,12.6428,66.4191,67.3636,13.6679
uniform,36,20,0.5556,68.5492,16.2068,12.5195,67.1132,67.1762,13.2685
uniform,36,21,0.5833,69.9201,16.4590,13.4695,68.0662,68.7356,13.1343
uniform,36,22,0.6111,70.7872,16.8641,14.0674,68.4521,69.7183,13.5999
uniform,36,23,0.6389,70.2526,16.4097,12.4204,69.1993,69.8959,13.0874
uniform,36,24,0.6667,71.1709,16.8397,12.6224,70.1011,70.8777,13.0062
uniform,36,25,0.6944,72.0583,17.0401,12.5053,70.5737,71.9430,12.8800
uniform,36,26,0.7222,72.5663,16.9839,13.1449,72.5523,72.8984,12.8886
uniform,36,27,0.7500,73.4595,16.8896,12.9353,72.6490,73.5244,13.0983
uniform,36,28,0.7778,72.6912,17.6579,13.7859,72.9623,74.3445,12.7697
uniform,36,29,0.8056,72.7433,17.5311,13.6293,73.0948,75.4998,12.5423
uniform,36,30,0.8333,72.7133,17.3867,13.5757,73.9305,76.8368,12.5379
uniform,36,31,0.8611,72.3844,18.0216,14.1350,73.3769,76.1405,12.6514
uniform,36,32,0.8889,74.1707,17.8886,13.6726,75.3559,78.6323,12.6267
uniform,36,33,0.9167,72.8340,17.9448,13.9608,75.7631,79.1598,12.6008
uniform,36,34,0.9444,71.1858,18.3159,14.0560,74.6310,78.1217,12.8594
uniform,36,35,0.9722,72.9499,18.0299,13.4443,75.6824,80.0709,12.2182
uniform,37,1,0.0270,10.9881,2.9566,2.4168,14.5345,12.2110,2.4175
uniform,37,2,0.0541,18.0675,4.0363,3.2917,23.5939,19.1826,4.5323
uniform,37,3,0.0811,23.6629,4.9831,4.1495,30.4588,24.2705,6.1474
uniform,37,4,0.1081,28.5277,5.8887,4.9719,37.0537,29.3981,7.7132
uniform,37,5,0.1351,32.4627,6.9756,5.8136,41.1301,33.7596,8.8022
uniform,37,6,0.1622,36.3430,7.6916,6.3672,43.7561,36.9759,9.4404
uniform,37,7,0.1892,39.7769,8.5268,7.0605,47.8288,41.2276,10.3138
uniform,37,8,0.2162,43.4897,9.0636,7.4229,50.3334,44.6014,10.8232
uniform,37,9,0.2432,46.1573,10.2561,8.4891,52.3960,46.8240,11.4208
uniform,37,10,0.2703,48.1190,10.5423,8.5817,54.0857,49.9445,11.7208
uniform,37,11,0.2973,51.4799,11.6558,9.7713,54.9284,52.2146,12.4255
uniform,37,12,0.3243,54.4327,11.9538,9.5339,58.2827,55.3591,12.3978
uniform,37,13,0.3514,55.5625,12.7775,10.4705,59.3139,56.6439,12.8034
uniform,37,14,0.3784,57.5132,13.4482,10.9495,60.7301,59.3247,13.1220
uniform,37,15,0.4054,60.3352,14.4317,11.5729,62.0569,61.2945,13.5096
uniform,37,16,0.4324,61.4413,14.4629,11.9423,63.4572,61.6120,13.3512
uniform,37,17,0.4595,63.4862,15.1441,12.4418,64.1448,63.8308,13.4672
uniform,37,18,0.4865,66.4718,15.6885,12.5113,66.9322,65.8730,13.5939
uniform,37,19,0.5135,66.9257,15.5239,12.5298,64.8971,65.2313,13.6614
uniform,37,20,0.5405,67.8608,16.3158,13.3480,66.7396,66.9810,13.4706
uniform,37,21,0.5676,68.5727,16.3389,13.5070,67.9364,66.7774,13.4743
uniform,37,22,0.5946,70.3969,16.6970,13.5545,68.9873,69.6560,13.2054
uniform,37,23,0.6216,71.2398,17.2300,14.0856,69.4666,70.2671,13.6070
uniform,37,24,0.6486,71.3823,16.9909,13.4790,70.2232,71.1696,13.3928
uniform,37,25,0.6757,71.7530,16.6178,12.8544,71.5931,71.9246,12.9024
uniform,37,26,0.7027,72.5528,17.2087,13.5020,70.7247,73.6254,13.3275
uniform,37,27,0.7297,72.5688,16.9974,13.0653,71.8699,73.5924,13.0639
uniform,37,28,0.7568,72.2379,17.1721,13.1039,72.0281,73.1697,12.7346
uniform,37,29,0.7838,72.3030,17.3673,13.7294,72.8816,74.1869,12.4530
uniform,37,30,0.8108,73.9153,17.3844,13.6678,73.2281,76.3841,12.8649
uniform,37,31,0.8378,73.6948,17.6443,13.4950,74.0046,76.8774,12.5157
uniform,37,32,0.8649,74.2335,17.5632,13.4509,75.5588,77.6332,12.2779
uniform,37,33,0.8919,72.7172,17.8617,13.5679,74.0318,77.2426,12.4453
uniform,37,34,0.9189,74.0846,17.7039,13.7257,75.7874,78.8989,12.1553
uniform,37,35,0.9459,73.2245,17.7127,13.5351,75.4495,78.7947,12.3016
uniform,37,36,0.9730,72.7068,18.1852,13.9612,76.4227,79.8424,12.6169
uniform,38,1,0.0263,10.5727,2.7808,2.2986,14.1443,11.8570,2.3937
uniform,38,2,0.0526,17.7560,3.9831,3.3323,23.1859,18.8542,4.3568
uniform,38,3,0.0789,23.3984,4.9374,4.0374,30.7116,24.4087,6.2447
uniform,38,4,0.1053,28.0557,6.0085,5.0801,36.3884,29.0425,7.7619
uniform,38,5,0.1316,32.0163,6.5133,5.3800,40.9999,33.1724,8.7437
uniform,38,6,0.1579,36.2732,7.8413,6.4425,44.0024,36.8690,9.5555
uniform,38,7,0.1842,39.8382,8.4187,7.0344,46.8865,40.6490,9.9029
uniform,38,8,0.2105,42.6867,8.8726,7.4322,48.0111,43.9687,10.1132
uniform,38,9,0.2368,45.3047,9.1488,7.5520,51.1488,46.8620,10.8673
uniform,38,10,0.2632,48.0265,10.2591,8.4174,54.7849,50.3466,12.0608
uniform,38,11,0.2895,50.9641,11.0820,9.0853,56.4163,53.1711,12.1605
uniform,38,12,0.3158,53.3222,11.9622,9.9109,57.4915,54.1013,12.5773
uniform,38,13,0.3421,55.5923,12.6231,10.3121,59.5314,56.5845,13.1835
uniform,38,14,0.3684,57.1700,12.8629,10.3711,60.1496,58.0081,12.8451
uniform,38,15,0.3947,58.9180,13.6095,11.2675,61.3412,60.4675,13.0692
uniform,38,16,0.4211,60.8607,13.9603,11.4858,63.4432,62.0782,13.1281
uniform,38,17,0.4474,62.5391,14.8399,12.1678,63.9985,63.0435,13.1913
uniform,38,18,0.4737,64.1967,14.9551,12.1845,65.2991,64.4670,14.4533
uniform,38,19,0.5000,66.1745,15.9402,12.9008,65.7994,65.1873,13.6341
uniform,38,20,0.5263,67.5330,16.0275,13.1826,67.0686,66.4706,13.4382
uniform,38,21,0.5526,69.1868,16.3311,13.2037,68.2961,68.9426,13.5800
uniform,38,22,0.5789,70.3527,16.6218,13.6580,68.4581,69.0536,13.6201
uniform,38,23,0.6053,70.5245,16.8221,13.7864,69.3746,69.5072,13.5192
uniform,38,24,0.6316,71.3636,16.9848,13.9588,70.2367,70.3963,13.0365
uniform,38,25,0.6579,70.9186,16.7744,13.5957,69.2999,70.5820,13.3018
uniform,38,26,0.6842,71.3951,16.8633,13.8472,70.2287,72.3066,13.1972
uniform,38,27,0.7105,72.5278,16.8340,13.1493,71.1922,72.9216,12.5283
uniform,38,28,0.7368,71.9557,16.8827,13.2103,71.5361,73.2766,12.9306
uniform,38,29,0.7632,73.4150,16.7104,13.0825,71.7825,74.5652,12.7723
uniform,38,30,0.7895,72.4184,16.9606,13.6979,72.6752,74.6845,13.0275
uniform,38,31,0.8158,74.2058,17.0511,13.2466,75.0474,76.8682,11.9226
uniform,38,32,0.8421,73.6697,17.4879,13.5722,74.6934,77.2587,12.7004
uniform,38,33,0.8684,73.9269,17.4111,13.1592,74.9319,77.7655,12.5121
uniform,38,34,0.8947,73.1944,17.6826,13.5119,75.0328,76.8451,12.2416
uniform,38,35,0.9211,72.4076,18.2365,14.3412,75.5032,79.3508,12.5096
uniform,38,36,0.9474,71.4380,17.8179,13.8530,75.3599,78.2745,12.8755
uniform,38,37,0.9737,72.3475,18.5847,14.6461,76.5728,78.8868,12.3085
uniform,39,1,0.0256,10.5771,2.8265,2.3054,13.9566,11.7328,2.3326
uniform,39,2,0.0513,17.3077,3.7392,3.1389,22.5502,18.5215,4.1755
uniform,39,3,0.0769,23.0094,4.9570,4.1797,29.8696,24.1505,5.8164
uniform,39,4,0.1026,27.7045,5.8917,4.8289,35.6642,28.4889,7.3970
uniform,39,5,0.1282,31.5216,6.6105,5.4026,39.8089,32.7868,8.4651
uniform,39,6,0.1538,35.4977,7.2264,6.2008,43.9169,36.8350,9.2553
uniform,39,7,0.1795,39.0518,8.2951,6.9217,46.3992,39.8920,9.8875
uniform,39,8,0.2051,41.9871,8.5747,7.1515,48.2267,42.8545,10.1530
uniform,39,9,0.2308,45.5343,9.8221,8.1884,51.6553,46.2666,11.1985
uniform,39,10,0.2564,47.1055,10.1832,8.5515,52.8953,48.1513,11.6417
uniform,39,11,0.2821,50.2417,10.9665,9.0899,55.0606,51.2443,11.8838
uniform,39,12,0.3077,52.1717,11.6882,9.6185,57.2680,54.0694,12.6256
uniform,39,13,0.3333,54.8365,12.5374,10.2697,59.7009,56.6573,12.9044
uniform,39,14,0.3590,56.6881,12.6373,10.5758,61.2652,58.1876,12.9602
uniform,39,15,0.3846,58.6353,13.0795,10.5330,61.5831,60.1883,13.1837
uniform,39,16,0.4103,59.9501,14.0999,11.4382,61.9201,60.4304,12.9544
uniform,39,17,0.4359,63.4663,14.9973,12.3844,64.3860,63.4224,13.6578
uniform,39,18,0.4615,64.0476,14.5737,12.2685,65.5267,64.8530,13.6285
uniform,39,19,0.4872,66.2775,15.7347,13.1807,66.5161,66.2581,13.8931
uniform,39,20,0.5128,67.0085,15.9321,12.9451,66.3559,67.2271,13.4751
uniform,39,21,0.5385,67.9761,16.6578,13.8656,67.6771,67.6551,13.4529
uniform,39,22,0.5641,69.0317,16.1284,13.3617,67.3981,67.4736,13.8363
uniform,39,23,0.5897,69.4125,16.0744,13.0788,67.5228,67.9688,13.5579
uniform,39,24,0.6154,70.3361,16.4211,13.1136,68.3538,69.9599,13.3363
uniform,39,25,0.6410,71.0793,16.9984,13.6647,69.8560,70.1304,13.1888
uniform,39,26,0.6667,71.4087,17.2768,13.8065,70.2268,71.1346,13.2477
uniform,39,27,0.6923,72.9716,16.9141,13.3860,70.5641,71.4133,13.2284
uniform,39,28,0.7179,71.7717,17.5131,13.3667,69.9219,71.7408,13.4553
uniform,39,29,0.7436,73.1581,16.8124,13.1054,72.3207,73.6640,13.1688
uniform,39,30,0.7692,73.3962,17.6087,14.4957,72.8489,75.6635,12.8232
uniform,39,31,0.7949,72.7554,17.5677,13.4338,74.1655,75.4275,12.9611
uniform,39,32,0.8205,73.5382,17.6670,13.8849,74.9092,76.7275,12.6346
uniform,39,33,0.8462,73.2526,17.4481,13.6766,73.8661,76.0973,12.9384
uniform,39,34,0.8718,73.7538,17.5212,13.7915,75.2845,78.2319,12.9742
uniform,39,35,0.8974,73.0940,17.8114,13.7676,74.9994,77.9683,12.7104
uniform,39,36,0.9231,73.1894,18.0907,14.1608,76.1631,79.5494,12.5692
uniform,39,37,0.9487,73.6712,18.2701,13.8584,75.5598,79.5422,12.0799
uniform,39,38,0.9744,71.7062,18.1059,14.1862,76.1218,79.4520,12.3152
uniform,40,1,0.0250,10.4618,2.7090,2.2146,13.7474,11.7020,2.2509
uniform,40,2,0.0500,17.4165,3.7956,3.1495,22.6287,18.4039,4.1279
uniform,40,3,0.0750,22.7574,4.8251,4.1379,30.0453,23.7481,6.1546
uniform,40,4,0.1000,27.6059,5.7473,4.8411,35.8299,28.4754,7.3998
uniform,40,5,0.1250,31.8213,6.5822,5.5794,39.7622,32.6299,8.2160
uniform,40,6,0.1500,35.6178,7.2221,6.1821,43.0869,36.3844,8.9980
uniform,40,7,0.1750,38.8236,7.9029,6.7473,45.5426,40.0278,9.6098
uniform,40,8,0.2000,41.3796,8.7602,7.6764,48.2556,42.7070,10.3038
uniform,40,9,0.2250,44.3715,9.2493,7.8786,50.3582,45.8970,10.8130
uniform,40,10,0.2500,47.5383,10.2093,8.4543,53.4967,48.9500,11.7508
uniform,40,11,0.2750,50.0509,10.6390,8.6124,55.6458,51.4755,11.8669
uniform,40,12,0.3000,52.3599,11.3692,9.4210,57.2847,53.3363,12.6361
uniform,40,13,0.3250,53.2244,11.6755,9.6882,58.4943,55.1541,12.5443
uniform,40,14,0.3500,56.0841,12.7849,10.7022,59.3540,57.2095,12.5419
uniform,40,15,0.3750,57.7562,13.0844,10.6209,61.9153,59.0849,13.1626
uniform,40,16,0.4000,59.7090,13.5589,11.3048,62.0110,60.2483,13.3197
uniform,40,17,0.4250,62.0096,14.0544,11.7126,64.2946,63.3069,13.2332
uniform,40,18,0.4500,64.0593,14.6523,11.7354,64.0905,63.5028,13.6351
uniform,40,19,0.4750,64.6886,15.2969,12.8206,64.4008,64.7482,13.9125
uniform,40,20,0.5000,66.6103,15.8568,13.2874,66.9949,66.9975,13.6459
uniform,40,21,0.5250,67.7997,16.2455,13.1412,67.8364,66.7615,13.6919
uniform,40,22,0.5500,68.2097,16.1906,13.2732,67.9249,67.6017,13.1843
uniform,40,23,0.5750,69.4806,16.2243,13.4154,69.4338,68.5896,13.3571
uniform,40,24,0.6000,69.9825,16.4601,13.5170,69.3811,69.3789,13.2353
uniform,40,25,0.6250,71.2834,16.2282,13.3450,69.2712,70.3606,13.2810
uniform,40,26,0.6500,72.2056,16.5957,13.0822,69.8257,70.4973,13.2059
uniform,40,27,0.6750,71.1157,16.6697,13.5360,70.3753,71.5978,13.3603
uniform,40,28,0.7000,72.3592,16.7156,13.8706,72.2716,73.1478,12.5458
uniform,40,29,0.7250,72.5365,17.0605,13.5186,72.2345,73.6268,12.9926
uniform,40,30,0.7500,73.7844,17.4218,14.1288,74.1362,74.1936,13.0785
uniform,40,31,0.7750,73.0925,17.2779,14.0123,73.5377,74.3306,13.4997
uniform,40,32,0.8000,71.9790,16.9838,12.9437,72.7488,74.7331,12.4636
uniform,40,33,0.8250,72.7953,17.7142,14.1636,73.4716,76.4980,12.7330
uniform,40,34,0.8500,73.3602,16.7828,13.5046,74.2487,76.3848,12.4388
uniform,40,35,0.8750,73.5994,17.6319,13.9059,75.4099,77.9832,12.5043
uniform,40,36,0.9000,73.2475,17.0240,13.5437,75.0676,78.3641,12.5431
uniform,40,37,0.9250,72.8740,17.7501,14.3684,75.6345,78.5401,12.5776
uniform,40,38,0.9500,73.0009,17.7485,14.4092,76.1683,79.7849,12.7866
uniform,40,39,0.9750,72.7976,18.4788,14.9687,77.1617,80.5879,12.4367
